id,skills
2051,"UI design principles and best practices Graphic design tools (e.g., Adobe Photoshop, Illustrator) Typography and color theory Visual design and layout Responsive design"
2052,Real estate transactions Title searches Closing processes Deed preparation Contract review Communication with real estate professionals Attention to detail Real estate terminology Technology proficiency Legal software proficiency Legal research skills
2053,"Email marketing platforms (e.g., Mailchimp, Constant Contact) Email campaign creation and segmentation A/B testing and optimization Email deliverability and compliance Metrics tracking and analysis"
2054,Sales strategies and tactics Account management Relationship building Sales forecasting Industry and product knowledge
2055,Research and development processes Product innovation Prototype development Testing and experimentation Data analysis Collaboration with cross-functional teams Problem-solving Attention to detail Technical expertise Project management skills
2056,Systems integration Integration architecture Data mapping Middleware technologies API integration System testing Troubleshooting
2057,Help desk support Ticket resolution IT troubleshooting Customer service skills Technical knowledge Documentation and knowledge base maintenance Communication and interpersonal skills
2058,Interaction design principles User behavior and psychology Wireframing and prototyping tools Animation and micro-interaction design Collaborative design processes
2059,"Java programming Java frameworks (e.g., Spring) Object-oriented design Code debugging Software development Problem-solving skills"
2060,Control system design PLC programming Automation Instrumentation System integration
